entity_id,state,last_changed
sensor.envoy_482310100274_production_d_electricite_actuelle,0,2025-01-13T23:00:00.000Z
sensor.envoy_482310100274_production_d_electricite_actuelle,1,2025-01-14T07:54:32.305Z
sensor.envoy_482310100274_production_d_electricite_actuelle,3,2025-01-14T07:56:32.424Z
sensor.envoy_482310100274_production_d_electricite_actuelle,13,2025-01-14T07:57:32.333Z
sensor.envoy_482310100274_production_d_electricite_actuelle,18,2025-01-14T07:58:32.593Z
sensor.envoy_482310100274_production_d_electricite_actuelle,21,2025-01-14T07:59:32.367Z
sensor.envoy_482310100274_production_d_electricite_actuelle,47,2025-01-14T08:01:32.315Z
sensor.envoy_482310100274_production_d_electricite_actuelle,70,2025-01-14T08:02:32.276Z
sensor.envoy_482310100274_production_d_electricite_actuelle,102,2025-01-14T08:03:32.258Z
sensor.envoy_482310100274_production_d_electricite_actuelle,138,2025-01-14T08:04:32.440Z
sensor.envoy_482310100274_production_d_electricite_actuelle,142,2025-01-14T08:05:32.248Z
sensor.envoy_482310100274_production_d_electricite_actuelle,148,2025-01-14T08:06:32.580Z
sensor.envoy_482310100274_production_d_electricite_actuelle,163,2025-01-14T08:07:32.338Z
sensor.envoy_482310100274_production_d_electricite_actuelle,178,2025-01-14T08:08:32.512Z
sensor.envoy_482310100274_production_d_electricite_actuelle,185,2025-01-14T08:09:32.627Z
sensor.envoy_482310100274_production_d_electricite_actuelle,206,2025-01-14T08:10:32.343Z
sensor.envoy_482310100274_production_d_electricite_actuelle,259,2025-01-14T08:11:32.561Z
sensor.envoy_482310100274_production_d_electricite_actuelle,434,2025-01-14T08:12:32.438Z
sensor.envoy_482310100274_production_d_electricite_actuelle,479,2025-01-14T08:13:32.400Z
sensor.envoy_482310100274_production_d_electricite_actuelle,504,2025-01-14T08:14:32.585Z
sensor.envoy_482310100274_production_d_electricite_actuelle,647,2025-01-14T08:16:32.364Z
sensor.envoy_482310100274_production_d_electricite_actuelle,745,2025-01-14T08:17:32.264Z
sensor.envoy_482310100274_production_d_electricite_actuelle,773,2025-01-14T08:18:32.478Z
sensor.envoy_482310100274_production_d_electricite_actuelle,842,2025-01-14T08:19:32.391Z
sensor.envoy_482310100274_production_d_electricite_actuelle,855,2025-01-14T08:20:32.611Z
sensor.envoy_482310100274_production_d_electricite_actuelle,861,2025-01-14T08:21:32.493Z
sensor.envoy_482310100274_production_d_electricite_actuelle,862,2025-01-14T08:22:32.403Z
sensor.envoy_482310100274_production_d_electricite_actuelle,864,2025-01-14T08:23:32.510Z
sensor.envoy_482310100274_production_d_electricite_actuelle,863,2025-01-14T08:25:32.431Z
sensor.envoy_482310100274_production_d_electricite_actuelle,859,2025-01-14T08:26:32.350Z
sensor.envoy_482310100274_production_d_electricite_actuelle,827,2025-01-14T08:27:32.539Z
sensor.envoy_482310100274_production_d_electricite_actuelle,815,2025-01-14T08:28:32.452Z
sensor.envoy_482310100274_production_d_electricite_actuelle,813,2025-01-14T08:29:32.351Z
sensor.envoy_482310100274_production_d_electricite_actuelle,799,2025-01-14T08:31:32.501Z
sensor.envoy_482310100274_production_d_electricite_actuelle,757,2025-01-14T08:32:32.388Z
sensor.envoy_482310100274_production_d_electricite_actuelle,743,2025-01-14T08:33:32.291Z
sensor.envoy_482310100274_production_d_electricite_actuelle,730,2025-01-14T08:34:32.515Z
sensor.envoy_482310100274_production_d_electricite_actuelle,737,2025-01-14T08:35:32.389Z
sensor.envoy_482310100274_production_d_electricite_actuelle,739,2025-01-14T08:37:32.586Z
sensor.envoy_482310100274_production_d_electricite_actuelle,744,2025-01-14T08:38:32.443Z
sensor.envoy_482310100274_production_d_electricite_actuelle,746,2025-01-14T08:39:32.250Z
sensor.envoy_482310100274_production_d_electricite_actuelle,750,2025-01-14T08:40:32.362Z
sensor.envoy_482310100274_production_d_electricite_actuelle,755,2025-01-14T08:41:32.515Z
sensor.envoy_482310100274_production_d_electricite_actuelle,786,2025-01-14T08:42:32.357Z
sensor.envoy_482310100274_production_d_electricite_actuelle,797,2025-01-14T08:43:32.657Z
sensor.envoy_482310100274_production_d_electricite_actuelle,809,2025-01-14T08:44:32.523Z
sensor.envoy_482310100274_production_d_electricite_actuelle,814,2025-01-14T08:45:32.280Z
sensor.envoy_482310100274_production_d_electricite_actuelle,851,2025-01-14T08:46:32.603Z
sensor.envoy_482310100274_production_d_electricite_actuelle,861,2025-01-14T08:47:32.543Z
sensor.envoy_482310100274_production_d_electricite_actuelle,990,2025-01-14T08:48:32.759Z
sensor.envoy_482310100274_production_d_electricite_actuelle,1094,2025-01-14T08:49:32.297Z
sensor.envoy_482310100274_production_d_electricite_actuelle,1196,2025-01-14T08:50:32.498Z
sensor.envoy_482310100274_production_d_electricite_actuelle,1210,2025-01-14T08:51:32.417Z
sensor.envoy_482310100274_production_d_electricite_actuelle,1225,2025-01-14T08:52:32.326Z
sensor.envoy_482310100274_production_d_electricite_actuelle,1234,2025-01-14T08:53:32.537Z
sensor.envoy_482310100274_production_d_electricite_actuelle,1242,2025-01-14T08:54:32.254Z
sensor.envoy_482310100274_production_d_electricite_actuelle,1393,2025-01-14T08:56:32.275Z
sensor.envoy_482310100274_production_d_electricite_actuelle,1753,2025-01-14T08:57:32.304Z
sensor.envoy_482310100274_production_d_electricite_actuelle,2103,2025-01-14T08:58:32.252Z
sensor.envoy_482310100274_production_d_electricite_actuelle,2287,2025-01-14T08:59:32.582Z
sensor.envoy_482310100274_production_d_electricite_actuelle,2366,2025-01-14T09:00:32.462Z
sensor.envoy_482310100274_production_d_electricite_actuelle,2626,2025-01-14T09:02:32.290Z
sensor.envoy_482310100274_production_d_electricite_actuelle,3174,2025-01-14T09:03:32.520Z
sensor.envoy_482310100274_production_d_electricite_actuelle,3408,2025-01-14T09:04:32.422Z
sensor.envoy_482310100274_production_d_electricite_actuelle,3705,2025-01-14T09:05:32.309Z
sensor.envoy_482310100274_production_d_electricite_actuelle,3736,2025-01-14T09:06:32.290Z
sensor.envoy_482310100274_production_d_electricite_actuelle,3763,2025-01-14T09:07:32.435Z
sensor.envoy_482310100274_production_d_electricite_actuelle,3768,2025-01-14T09:08:32.246Z
sensor.envoy_482310100274_production_d_electricite_actuelle,3785,2025-01-14T09:09:32.571Z
sensor.envoy_482310100274_production_d_electricite_actuelle,3867,2025-01-14T09:11:32.385Z
sensor.envoy_482310100274_production_d_electricite_actuelle,3946,2025-01-14T09:12:32.275Z
sensor.envoy_482310100274_production_d_electricite_actuelle,4065,2025-01-14T09:13:32.471Z
sensor.envoy_482310100274_production_d_electricite_actuelle,4158,2025-01-14T09:14:32.369Z
sensor.envoy_482310100274_production_d_electricite_actuelle,4193,2025-01-14T09:15:32.482Z
sensor.envoy_482310100274_production_d_electricite_actuelle,4252,2025-01-14T09:17:32.395Z
sensor.envoy_482310100274_production_d_electricite_actuelle,4267,2025-01-14T09:18:32.294Z
sensor.envoy_482310100274_production_d_electricite_actuelle,4387,2025-01-14T09:19:32.516Z
sensor.envoy_482310100274_production_d_electricite_actuelle,4443,2025-01-14T09:20:32.442Z
sensor.envoy_482310100274_production_d_electricite_actuelle,4455,2025-01-14T09:21:32.310Z
sensor.envoy_482310100274_production_d_electricite_actuelle,4464,2025-01-14T09:22:32.599Z
sensor.envoy_482310100274_production_d_electricite_actuelle,4460,2025-01-14T09:24:32.338Z
sensor.envoy_482310100274_production_d_electricite_actuelle,4456,2025-01-14T09:25:32.548Z
sensor.envoy_482310100274_production_d_electricite_actuelle,4449,2025-01-14T09:27:32.353Z
sensor.envoy_482310100274_production_d_electricite_actuelle,4426,2025-01-14T09:28:32.731Z
sensor.envoy_482310100274_production_d_electricite_actuelle,4387,2025-01-14T09:29:32.529Z
sensor.envoy_482310100274_production_d_electricite_actuelle,4395,2025-01-14T09:30:32.296Z
sensor.envoy_482310100274_production_d_electricite_actuelle,4399,2025-01-14T09:31:32.339Z
sensor.envoy_482310100274_production_d_electricite_actuelle,4384,2025-01-14T09:34:32.282Z
sensor.envoy_482310100274_production_d_electricite_actuelle,4395,2025-01-14T09:35:32.515Z
sensor.envoy_482310100274_production_d_electricite_actuelle,4401,2025-01-14T09:36:32.290Z
sensor.envoy_482310100274_production_d_electricite_actuelle,4411,2025-01-14T09:37:32.279Z
sensor.envoy_482310100274_production_d_electricite_actuelle,4413,2025-01-14T09:40:32.384Z
sensor.envoy_482310100274_production_d_electricite_actuelle,4415,2025-01-14T09:41:32.344Z
sensor.envoy_482310100274_production_d_electricite_actuelle,4428,2025-01-14T09:42:32.490Z
sensor.envoy_482310100274_production_d_electricite_actuelle,4442,2025-01-14T09:43:32.393Z
sensor.envoy_482310100274_production_d_electricite_actuelle,4491,2025-01-14T09:44:32.365Z
sensor.envoy_482310100274_production_d_electricite_actuelle,4526,2025-01-14T09:45:32.521Z
sensor.envoy_482310100274_production_d_electricite_actuelle,4544,2025-01-14T09:46:32.522Z
sensor.envoy_482310100274_production_d_electricite_actuelle,4629,2025-01-14T09:49:32.415Z
sensor.envoy_482310100274_production_d_electricite_actuelle,4722,2025-01-14T09:50:32.341Z
sensor.envoy_482310100274_production_d_electricite_actuelle,4778,2025-01-14T09:51:32.553Z
sensor.envoy_482310100274_production_d_electricite_actuelle,4839,2025-01-14T09:52:32.457Z
sensor.envoy_482310100274_production_d_electricite_actuelle,4842,2025-01-14T09:53:32.454Z
sensor.envoy_482310100274_production_d_electricite_actuelle,4845,2025-01-14T09:55:32.502Z
sensor.envoy_482310100274_production_d_electricite_actuelle,4847,2025-01-14T09:56:32.430Z
sensor.envoy_482310100274_production_d_electricite_actuelle,4867,2025-01-14T09:58:32.523Z
sensor.envoy_482310100274_production_d_electricite_actuelle,4910,2025-01-14T09:59:32.409Z
sensor.envoy_482310100274_production_d_electricite_actuelle,4926,2025-01-14T10:00:32.316Z
sensor.envoy_482310100274_production_d_electricite_actuelle,4951,2025-01-14T10:01:32.529Z
sensor.envoy_482310100274_production_d_electricite_actuelle,4986,2025-01-14T10:04:32.584Z
sensor.envoy_482310100274_production_d_electricite_actuelle,5018,2025-01-14T10:05:32.467Z
sensor.envoy_482310100274_production_d_electricite_actuelle,5062,2025-01-14T10:06:32.360Z
sensor.envoy_482310100274_production_d_electricite_actuelle,5081,2025-01-14T10:07:32.255Z
sensor.envoy_482310100274_production_d_electricite_actuelle,5078,2025-01-14T10:08:32.357Z
sensor.envoy_482310100274_production_d_electricite_actuelle,5077,2025-01-14T10:10:32.267Z
sensor.envoy_482310100274_production_d_electricite_actuelle,5075,2025-01-14T10:11:32.245Z
sensor.envoy_482310100274_production_d_electricite_actuelle,5073,2025-01-14T10:12:32.403Z
sensor.envoy_482310100274_production_d_electricite_actuelle,5070,2025-01-14T10:13:32.350Z
sensor.envoy_482310100274_production_d_electricite_actuelle,5068,2025-01-14T10:14:32.512Z
sensor.envoy_482310100274_production_d_electricite_actuelle,5064,2025-01-14T10:15:32.432Z
sensor.envoy_482310100274_production_d_electricite_actuelle,5066,2025-01-14T10:16:32.321Z
sensor.envoy_482310100274_production_d_electricite_actuelle,5075,2025-01-14T10:20:32.301Z
sensor.envoy_482310100274_production_d_electricite_actuelle,5084,2025-01-14T10:21:32.457Z
sensor.envoy_482310100274_production_d_electricite_actuelle,5099,2025-01-14T10:22:32.358Z
sensor.envoy_482310100274_production_d_electricite_actuelle,5097,2025-01-14T10:23:32.664Z
sensor.envoy_482310100274_production_d_electricite_actuelle,5098,2025-01-14T10:25:32.378Z
sensor.envoy_482310100274_production_d_electricite_actuelle,5099,2025-01-14T10:26:32.388Z
sensor.envoy_482310100274_production_d_electricite_actuelle,5101,2025-01-14T10:27:32.506Z
sensor.envoy_482310100274_production_d_electricite_actuelle,5093,2025-01-14T10:29:32.313Z
sensor.envoy_482310100274_production_d_electricite_actuelle,5107,2025-01-14T10:30:32.520Z
sensor.envoy_482310100274_production_d_electricite_actuelle,5108,2025-01-14T10:31:32.444Z
sensor.envoy_482310100274_production_d_electricite_actuelle,5118,2025-01-14T10:32:32.257Z
sensor.envoy_482310100274_production_d_electricite_actuelle,5137,2025-01-14T10:35:32.327Z
sensor.envoy_482310100274_production_d_electricite_actuelle,5159,2025-01-14T10:36:32.616Z
sensor.envoy_482310100274_production_d_electricite_actuelle,5210,2025-01-14T10:37:32.473Z
sensor.envoy_482310100274_production_d_electricite_actuelle,5221,2025-01-14T10:38:32.375Z
sensor.envoy_482310100274_production_d_electricite_actuelle,5239,2025-01-14T10:39:32.302Z
sensor.envoy_482310100274_production_d_electricite_actuelle,5245,2025-01-14T10:40:32.504Z
sensor.envoy_482310100274_production_d_electricite_actuelle,5251,2025-01-14T10:41:32.478Z
sensor.envoy_482310100274_production_d_electricite_actuelle,5263,2025-01-14T10:43:32.522Z
sensor.envoy_482310100274_production_d_electricite_actuelle,5218,2025-01-14T10:44:32.421Z
sensor.envoy_482310100274_production_d_electricite_actuelle,5179,2025-01-14T10:45:32.331Z
sensor.envoy_482310100274_production_d_electricite_actuelle,5177,2025-01-14T10:46:32.553Z
sensor.envoy_482310100274_production_d_electricite_actuelle,5176,2025-01-14T10:47:32.465Z
sensor.envoy_482310100274_production_d_electricite_actuelle,5118,2025-01-14T10:51:32.402Z
sensor.envoy_482310100274_production_d_electricite_actuelle,5042,2025-01-14T10:52:32.289Z
sensor.envoy_482310100274_production_d_electricite_actuelle,4979,2025-01-14T10:53:32.506Z
sensor.envoy_482310100274_production_d_electricite_actuelle,4977,2025-01-14T10:54:32.405Z
sensor.envoy_482310100274_production_d_electricite_actuelle,4833,2025-01-14T11:00:32.464Z
sensor.envoy_482310100274_production_d_electricite_actuelle,4791,2025-01-14T11:01:32.357Z
sensor.envoy_482310100274_production_d_electricite_actuelle,4765,2025-01-14T11:02:32.570Z
sensor.envoy_482310100274_production_d_electricite_actuelle,4554,2025-01-14T11:06:32.611Z
sensor.envoy_482310100274_production_d_electricite_actuelle,4066,2025-01-14T11:07:32.473Z
sensor.envoy_482310100274_production_d_electricite_actuelle,3571,2025-01-14T11:08:32.393Z
sensor.envoy_482310100274_production_d_electricite_actuelle,3574,2025-01-14T11:09:32.520Z
sensor.envoy_482310100274_production_d_electricite_actuelle,3578,2025-01-14T11:10:32.607Z
sensor.envoy_482310100274_production_d_electricite_actuelle,3580,2025-01-14T11:11:32.426Z
sensor.envoy_482310100274_production_d_electricite_actuelle,3584,2025-01-14T11:13:32.457Z
sensor.envoy_482310100274_production_d_electricite_actuelle,3589,2025-01-14T11:14:32.377Z
sensor.envoy_482310100274_production_d_electricite_actuelle,3107,2025-01-14T11:15:32.571Z
sensor.envoy_482310100274_production_d_electricite_actuelle,3008,2025-01-14T11:16:32.313Z
sensor.envoy_482310100274_production_d_electricite_actuelle,2930,2025-01-14T11:17:32.407Z
sensor.envoy_482310100274_production_d_electricite_actuelle,2999,2025-01-14T11:21:32.312Z
sensor.envoy_482310100274_production_d_electricite_actuelle,3294,2025-01-14T11:22:32.615Z
sensor.envoy_482310100274_production_d_electricite_actuelle,3777,2025-01-14T11:23:32.431Z
sensor.envoy_482310100274_production_d_electricite_actuelle,3809,2025-01-14T11:24:32.339Z
sensor.envoy_482310100274_production_d_electricite_actuelle,3867,2025-01-14T11:25:32.253Z
sensor.envoy_482310100274_production_d_electricite_actuelle,3881,2025-01-14T11:26:32.563Z
sensor.envoy_482310100274_production_d_electricite_actuelle,3903,2025-01-14T11:29:32.533Z
sensor.envoy_482310100274_production_d_electricite_actuelle,4130,2025-01-14T11:30:32.381Z
sensor.envoy_482310100274_production_d_electricite_actuelle,4773,2025-01-14T11:31:32.284Z
sensor.envoy_482310100274_production_d_electricite_actuelle,4990,2025-01-14T11:32:32.296Z
sensor.envoy_482310100274_production_d_electricite_actuelle,5158,2025-01-14T11:37:32.660Z
sensor.envoy_482310100274_production_d_electricite_actuelle,5418,2025-01-14T11:38:32.251Z
sensor.envoy_482310100274_production_d_electricite_actuelle,5570,2025-01-14T11:39:32.455Z
sensor.envoy_482310100274_production_d_electricite_actuelle,5550,2025-01-14T11:40:32.378Z
sensor.envoy_482310100274_production_d_electricite_actuelle,5546,2025-01-14T11:41:32.268Z
sensor.envoy_482310100274_production_d_electricite_actuelle,5538,2025-01-14T11:44:32.374Z
sensor.envoy_482310100274_production_d_electricite_actuelle,5359,2025-01-14T11:46:32.519Z
sensor.envoy_482310100274_production_d_electricite_actuelle,5290,2025-01-14T11:47:32.377Z
sensor.envoy_482310100274_production_d_electricite_actuelle,5275,2025-01-14T11:48:32.623Z
sensor.envoy_482310100274_production_d_electricite_actuelle,5217,2025-01-14T11:52:32.738Z
sensor.envoy_482310100274_production_d_electricite_actuelle,4933,2025-01-14T11:53:32.398Z
sensor.envoy_482310100274_production_d_electricite_actuelle,4576,2025-01-14T11:54:32.284Z
sensor.envoy_482310100274_production_d_electricite_actuelle,4569,2025-01-14T11:55:32.500Z
sensor.envoy_482310100274_production_d_electricite_actuelle,4556,2025-01-14T11:56:32.382Z
sensor.envoy_482310100274_production_d_electricite_actuelle,4554,2025-01-14T11:59:32.471Z
sensor.envoy_482310100274_production_d_electricite_actuelle,4553,2025-01-14T12:00:32.322Z
sensor.envoy_482310100274_production_d_electricite_actuelle,4507,2025-01-14T12:01:32.634Z
sensor.envoy_482310100274_production_d_electricite_actuelle,4399,2025-01-14T12:02:32.435Z
sensor.envoy_482310100274_production_d_electricite_actuelle,4391,2025-01-14T12:03:32.480Z
sensor.envoy_482310100274_production_d_electricite_actuelle,4406,2025-01-14T12:07:32.579Z
sensor.envoy_482310100274_production_d_electricite_actuelle,4491,2025-01-14T12:08:32.544Z
sensor.envoy_482310100274_production_d_electricite_actuelle,4679,2025-01-14T12:09:32.386Z
sensor.envoy_482310100274_production_d_electricite_actuelle,4835,2025-01-14T12:10:32.312Z
sensor.envoy_482310100274_production_d_electricite_actuelle,4848,2025-01-14T12:11:32.617Z
sensor.envoy_482310100274_production_d_electricite_actuelle,4844,2025-01-14T12:12:32.415Z
sensor.envoy_482310100274_production_d_electricite_actuelle,4845,2025-01-14T12:14:32.654Z
sensor.envoy_482310100274_production_d_electricite_actuelle,4846,2025-01-14T12:15:32.420Z
sensor.envoy_482310100274_production_d_electricite_actuelle,4995,2025-01-14T12:17:32.267Z
sensor.envoy_482310100274_production_d_electricite_actuelle,5027,2025-01-14T12:18:32.245Z
sensor.envoy_482310100274_production_d_electricite_actuelle,5029,2025-01-14T12:22:32.377Z
sensor.envoy_482310100274_production_d_electricite_actuelle,5032,2025-01-14T12:23:32.282Z
sensor.envoy_482310100274_production_d_electricite_actuelle,4993,2025-01-14T12:24:32.595Z
sensor.envoy_482310100274_production_d_electricite_actuelle,4946,2025-01-14T12:25:32.398Z
sensor.envoy_482310100274_production_d_electricite_actuelle,4950,2025-01-14T12:27:32.605Z
sensor.envoy_482310100274_production_d_electricite_actuelle,4931,2025-01-14T12:32:32.400Z
sensor.envoy_482310100274_production_d_electricite_actuelle,4864,2025-01-14T12:33:32.585Z
sensor.envoy_482310100274_production_d_electricite_actuelle,4860,2025-01-14T12:34:32.469Z
sensor.envoy_482310100274_production_d_electricite_actuelle,4853,2025-01-14T12:37:32.357Z
sensor.envoy_482310100274_production_d_electricite_actuelle,4846,2025-01-14T12:38:32.263Z
sensor.envoy_482310100274_production_d_electricite_actuelle,4799,2025-01-14T12:39:32.280Z
sensor.envoy_482310100274_production_d_electricite_actuelle,4710,2025-01-14T12:40:32.317Z
sensor.envoy_482310100274_production_d_electricite_actuelle,4649,2025-01-14T12:41:32.364Z
sensor.envoy_482310100274_production_d_electricite_actuelle,4654,2025-01-14T12:42:32.393Z
sensor.envoy_482310100274_production_d_electricite_actuelle,4399,2025-01-14T12:48:32.460Z
sensor.envoy_482310100274_production_d_electricite_actuelle,4357,2025-01-14T12:49:32.289Z
sensor.envoy_482310100274_production_d_electricite_actuelle,4364,2025-01-14T12:50:32.476Z
sensor.envoy_482310100274_production_d_electricite_actuelle,4346,2025-01-14T12:52:32.258Z
sensor.envoy_482310100274_production_d_electricite_actuelle,4328,2025-01-14T12:53:32.531Z
sensor.envoy_482310100274_production_d_electricite_actuelle,4316,2025-01-14T12:54:32.713Z
sensor.envoy_482310100274_production_d_electricite_actuelle,4172,2025-01-14T12:55:32.420Z
sensor.envoy_482310100274_production_d_electricite_actuelle,4032,2025-01-14T12:56:32.564Z
sensor.envoy_482310100274_production_d_electricite_actuelle,4033,2025-01-14T12:57:32.456Z
sensor.envoy_482310100274_production_d_electricite_actuelle,4032,2025-01-14T12:58:32.348Z
sensor.envoy_482310100274_production_d_electricite_actuelle,4033,2025-01-14T12:59:32.618Z
sensor.envoy_482310100274_production_d_electricite_actuelle,4036,2025-01-14T13:00:32.453Z
sensor.envoy_482310100274_production_d_electricite_actuelle,4023,2025-01-14T13:03:32.525Z
sensor.envoy_482310100274_production_d_electricite_actuelle,3986,2025-01-14T13:04:32.387Z
sensor.envoy_482310100274_production_d_electricite_actuelle,3987,2025-01-14T13:05:32.274Z
sensor.envoy_482310100274_production_d_electricite_actuelle,3984,2025-01-14T13:07:32.405Z
sensor.envoy_482310100274_production_d_electricite_actuelle,3981,2025-01-14T13:08:32.276Z
sensor.envoy_482310100274_production_d_electricite_actuelle,3978,2025-01-14T13:09:32.592Z
sensor.envoy_482310100274_production_d_electricite_actuelle,3957,2025-01-14T13:10:32.426Z
sensor.envoy_482310100274_production_d_electricite_actuelle,3904,2025-01-14T13:11:32.346Z
sensor.envoy_482310100274_production_d_electricite_actuelle,3811,2025-01-14T13:12:32.543Z
sensor.envoy_482310100274_production_d_electricite_actuelle,3767,2025-01-14T13:13:32.760Z
sensor.envoy_482310100274_production_d_electricite_actuelle,3761,2025-01-14T13:14:32.368Z
sensor.envoy_482310100274_production_d_electricite_actuelle,3756,2025-01-14T13:15:32.879Z
sensor.envoy_482310100274_production_d_electricite_actuelle,3722,2025-01-14T13:19:33.527Z
sensor.envoy_482310100274_production_d_electricite_actuelle,3230,2025-01-14T13:20:33.343Z
sensor.envoy_482310100274_production_d_electricite_actuelle,3201,2025-01-14T13:21:33.561Z
sensor.envoy_482310100274_production_d_electricite_actuelle,3172,2025-01-14T13:22:33.437Z
sensor.envoy_482310100274_production_d_electricite_actuelle,3156,2025-01-14T13:23:33.323Z
sensor.envoy_482310100274_production_d_electricite_actuelle,3139,2025-01-14T13:24:33.673Z
sensor.envoy_482310100274_production_d_electricite_actuelle,3092,2025-01-14T13:25:33.483Z
sensor.envoy_482310100274_production_d_electricite_actuelle,2672,2025-01-14T13:26:33.372Z
sensor.envoy_482310100274_production_d_electricite_actuelle,2470,2025-01-14T13:27:33.272Z
sensor.envoy_482310100274_production_d_electricite_actuelle,2094,2025-01-14T13:28:33.596Z
sensor.envoy_482310100274_production_d_electricite_actuelle,2043,2025-01-14T13:29:33.258Z
sensor.envoy_482310100274_production_d_electricite_actuelle,2024,2025-01-14T13:31:33.328Z
sensor.envoy_482310100274_production_d_electricite_actuelle,1805,2025-01-14T13:34:33.287Z
sensor.envoy_482310100274_production_d_electricite_actuelle,1272,2025-01-14T13:35:33.333Z
sensor.envoy_482310100274_production_d_electricite_actuelle,1256,2025-01-14T13:36:33.309Z
sensor.envoy_482310100274_production_d_electricite_actuelle,1196,2025-01-14T13:37:33.272Z
sensor.envoy_482310100274_production_d_electricite_actuelle,1122,2025-01-14T13:38:33.467Z
sensor.envoy_482310100274_production_d_electricite_actuelle,1068,2025-01-14T13:39:33.365Z
sensor.envoy_482310100274_production_d_electricite_actuelle,1035,2025-01-14T13:40:33.365Z
sensor.envoy_482310100274_production_d_electricite_actuelle,928,2025-01-14T13:41:33.614Z
sensor.envoy_482310100274_production_d_electricite_actuelle,832,2025-01-14T13:42:33.430Z
sensor.envoy_482310100274_production_d_electricite_actuelle,552,2025-01-14T13:43:33.274Z
sensor.envoy_482310100274_production_d_electricite_actuelle,538,2025-01-14T13:44:33.284Z
sensor.envoy_482310100274_production_d_electricite_actuelle,524,2025-01-14T13:45:33.409Z
sensor.envoy_482310100274_production_d_electricite_actuelle,520,2025-01-14T13:46:33.316Z
sensor.envoy_482310100274_production_d_electricite_actuelle,509,2025-01-14T13:50:33.580Z
sensor.envoy_482310100274_production_d_electricite_actuelle,472,2025-01-14T13:51:33.513Z
sensor.envoy_482310100274_production_d_electricite_actuelle,468,2025-01-14T13:52:33.395Z
sensor.envoy_482310100274_production_d_electricite_actuelle,464,2025-01-14T13:53:33.580Z
sensor.envoy_482310100274_production_d_electricite_actuelle,462,2025-01-14T13:54:33.485Z
sensor.envoy_482310100274_production_d_electricite_actuelle,459,2025-01-14T13:55:33.395Z
sensor.envoy_482310100274_production_d_electricite_actuelle,456,2025-01-14T13:56:33.414Z
sensor.envoy_482310100274_production_d_electricite_actuelle,447,2025-01-14T13:57:33.535Z
sensor.envoy_482310100274_production_d_electricite_actuelle,435,2025-01-14T13:58:33.312Z
sensor.envoy_482310100274_production_d_electricite_actuelle,408,2025-01-14T13:59:33.376Z
sensor.envoy_482310100274_production_d_electricite_actuelle,397,2025-01-14T14:00:33.262Z
sensor.envoy_482310100274_production_d_electricite_actuelle,395,2025-01-14T14:01:33.285Z
sensor.envoy_482310100274_production_d_electricite_actuelle,391,2025-01-14T14:05:33.308Z
sensor.envoy_482310100274_production_d_electricite_actuelle,357,2025-01-14T14:06:33.582Z
sensor.envoy_482310100274_production_d_electricite_actuelle,351,2025-01-14T14:07:33.472Z
sensor.envoy_482310100274_production_d_electricite_actuelle,343,2025-01-14T14:08:33.374Z
sensor.envoy_482310100274_production_d_electricite_actuelle,336,2025-01-14T14:09:33.395Z
sensor.envoy_482310100274_production_d_electricite_actuelle,333,2025-01-14T14:10:33.492Z
sensor.envoy_482310100274_production_d_electricite_actuelle,330,2025-01-14T14:11:33.409Z
sensor.envoy_482310100274_production_d_electricite_actuelle,326,2025-01-14T14:12:33.323Z
sensor.envoy_482310100274_production_d_electricite_actuelle,314,2025-01-14T14:13:33.600Z
sensor.envoy_482310100274_production_d_electricite_actuelle,292,2025-01-14T14:14:33.424Z
sensor.envoy_482310100274_production_d_electricite_actuelle,286,2025-01-14T14:15:33.337Z
sensor.envoy_482310100274_production_d_electricite_actuelle,278,2025-01-14T14:16:33.577Z
sensor.envoy_482310100274_production_d_electricite_actuelle,275,2025-01-14T14:17:33.455Z
sensor.envoy_482310100274_production_d_electricite_actuelle,270,2025-01-14T14:21:33.384Z
sensor.envoy_482310100274_production_d_electricite_actuelle,249,2025-01-14T14:22:33.280Z
sensor.envoy_482310100274_production_d_electricite_actuelle,246,2025-01-14T14:23:33.502Z
sensor.envoy_482310100274_production_d_electricite_actuelle,241,2025-01-14T14:24:33.256Z
sensor.envoy_482310100274_production_d_electricite_actuelle,240,2025-01-14T14:26:33.529Z
sensor.envoy_482310100274_production_d_electricite_actuelle,237,2025-01-14T14:27:33.284Z
sensor.envoy_482310100274_production_d_electricite_actuelle,232,2025-01-14T14:28:33.329Z
sensor.envoy_482310100274_production_d_electricite_actuelle,223,2025-01-14T14:29:33.611Z
sensor.envoy_482310100274_production_d_electricite_actuelle,209,2025-01-14T14:30:33.445Z
sensor.envoy_482310100274_production_d_electricite_actuelle,201,2025-01-14T14:31:33.368Z
sensor.envoy_482310100274_production_d_electricite_actuelle,199,2025-01-14T14:32:33.275Z
sensor.envoy_482310100274_production_d_electricite_actuelle,197,2025-01-14T14:36:34.323Z
sensor.envoy_482310100274_production_d_electricite_actuelle,179,2025-01-14T14:37:34.373Z
sensor.envoy_482310100274_production_d_electricite_actuelle,177,2025-01-14T14:38:34.273Z
sensor.envoy_482310100274_production_d_electricite_actuelle,174,2025-01-14T14:39:34.442Z
sensor.envoy_482310100274_production_d_electricite_actuelle,173,2025-01-14T14:40:34.338Z
sensor.envoy_482310100274_production_d_electricite_actuelle,172,2025-01-14T14:41:34.582Z
sensor.envoy_482310100274_production_d_electricite_actuelle,171,2025-01-14T14:42:34.468Z
sensor.envoy_482310100274_production_d_electricite_actuelle,170,2025-01-14T14:43:34.280Z
sensor.envoy_482310100274_production_d_electricite_actuelle,166,2025-01-14T14:44:34.614Z
sensor.envoy_482310100274_production_d_electricite_actuelle,160,2025-01-14T14:45:34.489Z
sensor.envoy_482310100274_production_d_electricite_actuelle,149,2025-01-14T14:46:34.256Z
sensor.envoy_482310100274_production_d_electricite_actuelle,145,2025-01-14T14:47:34.298Z
sensor.envoy_482310100274_production_d_electricite_actuelle,144,2025-01-14T14:48:34.262Z
sensor.envoy_482310100274_production_d_electricite_actuelle,128,2025-01-14T14:53:34.391Z
sensor.envoy_482310100274_production_d_electricite_actuelle,125,2025-01-14T14:54:34.575Z
sensor.envoy_482310100274_production_d_electricite_actuelle,123,2025-01-14T14:55:34.484Z
sensor.envoy_482310100274_production_d_electricite_actuelle,122,2025-01-14T14:57:34.653Z
sensor.envoy_482310100274_production_d_electricite_actuelle,121,2025-01-14T14:58:34.723Z
sensor.envoy_482310100274_production_d_electricite_actuelle,118,2025-01-14T14:59:34.381Z
sensor.envoy_482310100274_production_d_electricite_actuelle,115,2025-01-14T15:00:34.290Z
sensor.envoy_482310100274_production_d_electricite_actuelle,105,2025-01-14T15:01:34.508Z
sensor.envoy_482310100274_production_d_electricite_actuelle,103,2025-01-14T15:02:34.366Z
sensor.envoy_482310100274_production_d_electricite_actuelle,100,2025-01-14T15:03:34.461Z
sensor.envoy_482310100274_production_d_electricite_actuelle,98,2025-01-14T15:04:34.302Z
sensor.envoy_482310100274_production_d_electricite_actuelle,97,2025-01-14T15:07:34.265Z
sensor.envoy_482310100274_production_d_electricite_actuelle,94,2025-01-14T15:08:34.686Z
sensor.envoy_482310100274_production_d_electricite_actuelle,79,2025-01-14T15:09:34.418Z
sensor.envoy_482310100274_production_d_electricite_actuelle,77,2025-01-14T15:10:34.594Z
sensor.envoy_482310100274_production_d_electricite_actuelle,74,2025-01-14T15:11:34.507Z
sensor.envoy_482310100274_production_d_electricite_actuelle,72,2025-01-14T15:12:34.391Z
sensor.envoy_482310100274_production_d_electricite_actuelle,70,2025-01-14T15:13:34.279Z
sensor.envoy_482310100274_production_d_electricite_actuelle,64,2025-01-14T15:15:34.337Z
sensor.envoy_482310100274_production_d_electricite_actuelle,59,2025-01-14T15:16:34.299Z
sensor.envoy_482310100274_production_d_electricite_actuelle,54,2025-01-14T15:17:34.528Z
sensor.envoy_482310100274_production_d_electricite_actuelle,52,2025-01-14T15:18:34.421Z
sensor.envoy_482310100274_production_d_electricite_actuelle,51,2025-01-14T15:19:34.357Z
sensor.envoy_482310100274_production_d_electricite_actuelle,47,2025-01-14T15:23:34.316Z
sensor.envoy_482310100274_production_d_electricite_actuelle,42,2025-01-14T15:24:34.505Z
sensor.envoy_482310100274_production_d_electricite_actuelle,40,2025-01-14T15:25:34.318Z
sensor.envoy_482310100274_production_d_electricite_actuelle,37,2025-01-14T15:26:34.280Z
sensor.envoy_482310100274_production_d_electricite_actuelle,33,2025-01-14T15:30:34.577Z
sensor.envoy_482310100274_production_d_electricite_actuelle,32,2025-01-14T15:31:34.417Z
sensor.envoy_482310100274_production_d_electricite_actuelle,30,2025-01-14T15:32:34.302Z
sensor.envoy_482310100274_production_d_electricite_actuelle,25,2025-01-14T15:33:34.268Z
sensor.envoy_482310100274_production_d_electricite_actuelle,23,2025-01-14T15:34:34.295Z
sensor.envoy_482310100274_production_d_electricite_actuelle,19,2025-01-14T15:39:34.645Z
sensor.envoy_482310100274_production_d_electricite_actuelle,18,2025-01-14T15:40:34.506Z
sensor.envoy_482310100274_production_d_electricite_actuelle,15,2025-01-14T15:41:34.433Z
sensor.envoy_482310100274_production_d_electricite_actuelle,14,2025-01-14T15:43:34.599Z
sensor.envoy_482310100274_production_d_electricite_actuelle,13,2025-01-14T15:44:34.439Z
sensor.envoy_482310100274_production_d_electricite_actuelle,12,2025-01-14T15:46:34.530Z
sensor.envoy_482310100274_production_d_electricite_actuelle,8,2025-01-14T15:47:34.297Z
sensor.envoy_482310100274_production_d_electricite_actuelle,6,2025-01-14T15:50:34.474Z
sensor.envoy_482310100274_production_d_electricite_actuelle,5,2025-01-14T15:54:34.444Z
sensor.envoy_482310100274_production_d_electricite_actuelle,4,2025-01-14T15:56:34.517Z
sensor.envoy_482310100274_production_d_electricite_actuelle,2,2025-01-14T15:57:34.255Z
sensor.envoy_482310100274_production_d_electricite_actuelle,1,2025-01-14T15:59:34.541Z
sensor.envoy_482310100274_production_d_electricite_actuelle,0,2025-01-14T16:09:34.294Z
